,total_cases,active_cases,deaths,recovered,critical,tested,death_ratio,recovery_ratio
Worldwide,12061601,4575222,548169,6938210,4077034,243756786,0.04544744930627369,0.5752312649042196
