total_cases,active_cases,deaths,recovered,critical,tested,death_ratio,recovery_ratio
20261761,6241497,737109,13283155,64618,343738170,0.0363793156971894,0.655577518656942
