total_cases,active_cases,deaths,recovered,critical,tested,death_ratio,recovery_ratio
15069754,5334749,616687,9118318,63459,278387029,0.04092216767440265,0.605074110698821
