total_cases,active_cases,deaths,recovered,critical,tested,death_ratio,recovery_ratio
20041295,6199580,732998,13108717,64813,340901854,0.03657438304261276,0.6540853273204151
