total_cases,active_cases,deaths,recovered,critical,tested,death_ratio,recovery_ratio
18943093,5972174,708147,12262772,65350,328861855,0.03738286033859412,0.6473479278172788
