total_cases,active_cases,deaths,recovered,critical,tested,death_ratio,recovery_ratio
14748504,5247774,610108,8890624,59485,275667018,0.0413674498783063,0.6028153092679773
