total_cases,active_cases,deaths,recovered,critical,tested,death_ratio,recovery_ratio
19814047,6171566,728255,12914227,64797,337855135,0.03675448029370275,0.6517712913469924
